fname,label,Acoustic_guitar,Bass_drum,Cello,Clarinet,Double_bass,Flute,Hi-hat,Saxophone,Snare_drum,Violin_or_fiddle,y_pred
5388d14d.wav,Saxophone,0.00011769965931307524,0.02595747448503971,0.007530201692134142,0.00019309110939502716,0.0013845254434272647,0.028185542672872543,1.1056310540880077e-05,0.9333233833312988,0.00012256953050382435,0.003174475859850645,Saxophone
c685f05f.wav,Saxophone,6.850099453004077e-05,0.005581938661634922,0.010887199081480503,0.0003460311272647232,6.96861170581542e-05,0.0002632131800055504,1.9947716282331385e-05,0.9786030650138855,0.00015971755783539265,0.0040007345378398895,Saxophone
36d20ab5.wav,Saxophone,7.363454642472789e-06,0.00030029178014956415,0.00018412747886031866,1.8386170268058777e-05,7.05910861142911e-06,1.1472432561276946e-05,5.426575739875261e-07,0.999104917049408,0.0003029438084922731,6.290953751886263e-05,Saxophone
d6665734.wav,Saxophone,0.005888773128390312,0.0005235814023762941,0.03640943765640259,0.0020420500077307224,0.004014120437204838,0.008508327417075634,7.357577942457283e-06,0.9201911687850952,0.010454555973410606,0.011960631236433983,Saxophone
7352e28f.wav,Saxophone,1.1751037476415149e-07,9.276403534208555e-10,3.4461086784176587e-07,0.00011260244355071336,2.7994657259000633e-08,0.0003592892026063055,1.6928930045984059e-12,0.9995216727256775,2.1852448236353572e-12,5.973889528831933e-06,Saxophone
8fa096bf.wav,Saxophone,0.0005897479131817818,0.00020381592912599444,9.348965977551416e-05,0.00024129952362272888,1.8433180230204016e-05,0.00020807742839679122,2.3599959604325704e-05,0.985184907913208,0.00011811485455837101,0.013318456709384918,Saxophone
2f9c5f62.wav,Saxophone,4.4008231725456426e-07,1.9929080607994365e-10,3.394374061826966e-07,0.0014994824305176735,3.263591352720141e-08,9.715147825772874e-06,4.5206716148271653e-10,0.9738866686820984,0.02456071600317955,4.258193075656891e-05,Saxophone
9cd05a2b.wav,Saxophone,3.705932613229379e-05,2.3549381111820367e-08,0.0009514613193459809,4.0734004869591445e-05,3.519444931043836e-07,0.01269147451967001,3.401117831813849e-09,0.9851284027099609,1.4651166566181928e-05,0.0011360844364389777,Saxophone
ab465bf9.wav,Saxophone,2.7238220012826275e-10,1.0779452330744732e-10,8.879258217575625e-08,2.1953597695301141e-07,4.999161085095238e-10,0.0001586002908879891,5.5362408010555236e-15,0.9998412132263184,1.825843485734821e-13,8.269827489471027e-09,Saxophone
c40632d7.wav,Saxophone,0.002746977610513568,0.0005308641120791435,0.02413678541779518,0.009179731830954552,0.0003889000217895955,0.020395638421177864,3.8341418985510245e-05,0.9189819693565369,0.006053495220839977,0.017547141760587692,Saxophone
3a80061f.wav,Saxophone,0.01164363231509924,0.0013285906752571464,0.006238619331270456,0.0010413499549031258,0.00010316434781998396,0.015256174840033054,2.2996442567091435e-05,0.936962902545929,0.007263363339006901,0.020139330998063087,Saxophone
dba6817d.wav,Saxophone,0.0007958392379805446,1.830343421715952e-06,0.027774371206760406,5.127990880282596e-05,1.0644836038409267e-05,0.002574368380010128,2.2388185243471526e-05,0.9633047580718994,4.4592321501113474e-05,0.005419867113232613,Saxophone
25f26095.wav,Saxophone,6.122391641838476e-05,0.020055241882801056,0.0008470315369777381,7.719073619227856e-05,0.0009803080465644598,0.00042945161112584174,4.8633217375027016e-05,0.9197166562080383,0.0010101099032908678,0.056774187833070755,Saxophone
37cebbd4.wav,Saxophone,1.814199919181192e-07,3.529918757294581e-08,9.816963029152248e-07,3.115026743216731e-07,1.6050415752033587e-06,0.00021077062410768121,3.194148071039571e-12,0.9997854828834534,3.2307672162557033e-12,5.616791440843372e-07,Saxophone
f8d96888.wav,Saxophone,0.008084199391305447,0.0005403957329690456,0.015769217163324356,0.006357296369969845,0.0001161423497251235,0.005992048420011997,9.379377843288239e-06,0.9416616559028625,0.009044514037668705,0.012425258755683899,Saxophone
d94c94f0.wav,Saxophone,0.0002453397319186479,2.318677434232086e-05,0.0038956680800765753,0.0002122077130479738,2.391119778621942e-06,2.008767296501901e-05,1.5581240404571872e-06,0.9952221512794495,0.0001583934499649331,0.00021906873735133559,Saxophone
ec6afeb6.wav,Saxophone,3.5655358487929334e-07,2.2047383363421602e-10,2.676145413715858e-05,1.6774099265148834e-07,2.823142267516232e-06,0.008288958109915257,8.593774997178727e-11,0.991675615310669,2.733667675905438e-12,5.40262726644869e-06,Saxophone
5f0dc8e4.wav,Saxophone,2.2667121811537072e-05,2.9375383825717624e-14,6.543571657857683e-07,0.034965693950653076,1.4713866569593392e-08,0.0017490896862000227,9.754947500814626e-13,0.963261604309082,2.5999796093856276e-08,3.0174246035130636e-07,Saxophone
b8c0a88a.wav,Saxophone,3.1518797527496645e-07,5.927405677397246e-09,0.0033548339270055294,0.00017848484276328236,1.1224603468917849e-07,0.024111611768603325,5.290582416606071e-10,0.9723342657089233,3.47413831036647e-08,2.0302117263781838e-05,Saxophone
96dad435.wav,Saxophone,2.6385223463876173e-05,9.504744298283185e-07,7.858243770897388e-05,0.012412640266120434,2.6359673483966617e-06,0.019307702779769897,8.429625886208214e-09,0.9681061506271362,3.9513949445790786e-07,6.456341361626983e-05,Saxophone
b120dc90.wav,Saxophone,1.1748556062229909e-05,0.0005105130258016288,0.0002018566883634776,2.723688339756336e-05,0.00044067195267416537,2.261701229144819e-05,9.531492537462327e-07,0.9985743165016174,6.578648026334122e-05,0.000144205943797715,Saxophone
c1948f24.wav,Saxophone,3.205811299267225e-05,1.3891134642562974e-07,0.0011784208472818136,0.0006816108361817896,8.235688397917329e-08,0.010423501953482628,6.326368975351215e-07,0.9876506328582764,8.987236128632503e-07,3.216445111320354e-05,Saxophone
ac097834.wav,Saxophone,0.0008372045122087002,5.382956715038745e-06,0.007624581456184387,0.032235536724328995,0.00029764987993985415,0.03845607861876488,1.851677069453217e-07,0.9196828007698059,7.110510296115535e-07,0.0008599419379606843,Saxophone
4345851e.wav,Saxophone,0.01037632580846548,0.0002447704609949142,0.013157445006072521,0.000471040460979566,5.1067134336335585e-05,0.0039780354127287865,7.31065301806666e-05,0.9638211131095886,0.005350904073566198,0.0024762817192822695,Saxophone
5d4f8187.wav,Saxophone,0.01096286065876484,0.0005960447597317398,0.00774390809237957,0.0002477922826074064,9.365859295940027e-05,9.678558126324788e-05,2.9233683562779333e-06,0.9800710678100586,1.697539300948847e-05,0.00016803886683192104,Saxophone
b83049f4.wav,Saxophone,5.39170068805106e-05,0.0006416450487449765,0.00029963685665279627,0.0021079250145703554,0.004679284989833832,0.00035103526897728443,6.272727546274837e-07,0.987355649471283,5.500978659256361e-07,0.004509926773607731,Saxophone
c1c3c8b9.wav,Saxophone,2.8133918021922e-06,6.323988372969325e-07,6.629636482102796e-05,9.432039405510295e-06,0.000378687254851684,0.0010535046458244324,3.302869783228246e-11,0.9984440803527832,1.2778017532966146e-09,4.494746826821938e-05,Saxophone
78a86075.wav,Saxophone,0.001362712704576552,9.986842087528203e-06,0.025883354246616364,0.0038297988940030336,9.634209709474817e-05,0.0012588180834427476,4.97307009936776e-05,0.9562300443649292,6.948655027372297e-06,0.011272323317825794,Saxophone
f0d315bc.wav,Saxophone,0.0025434524286538363,1.3652539792019525e-06,0.001320241834037006,0.022771822288632393,2.0005516034871107e-06,0.0008040525135584176,5.128742941451492e-06,0.9622368216514587,0.007642899174243212,0.0026723621413111687,Saxophone
9c0838c1.wav,Saxophone,0.002633443335071206,0.0001175532815977931,0.00396905280649662,0.003960632253438234,0.00014061728143133223,0.024167360737919807,7.892172288848087e-05,0.9552479386329651,0.005897454917430878,0.0037871513050049543,Saxophone
d6144e01.wav,Violin_or_fiddle,2.751576744230988e-07,3.701632658839648e-15,6.822316436227993e-07,0.03417356684803963,7.18800796661867e-09,6.13468898791325e-07,0.00740670645609498,9.29395991988713e-06,1.2062794496614515e-07,0.9584088325500488,Violin_or_fiddle
cfb9c5fd.wav,Violin_or_fiddle,0.01459138747304678,0.018763793632388115,0.025414230301976204,0.0016922774957492948,0.0018498683348298073,0.0033591710962355137,6.326134462142363e-05,0.03569689020514488,0.005312083289027214,0.8932570815086365,Violin_or_fiddle
c6865306.wav,Violin_or_fiddle,0.037594325840473175,7.5291795837983955e-06,0.0754028782248497,0.0009271025191992521,0.0007092366577126086,0.013421820476651192,1.4698533050250262e-05,0.05538059026002884,0.0027184798382222652,0.8138233423233032,Violin_or_fiddle
642aba58.wav,Violin_or_fiddle,0.00060269859386608,5.4176204855593824e-08,0.0017411095323041081,0.002712642541155219,3.3139873266918585e-05,0.00019116661860607564,6.928979701115168e-07,0.13748794794082642,0.00013319840945769101,0.857097327709198,Violin_or_fiddle
848faca3.wav,Violin_or_fiddle,7.57336601964198e-05,0.0016941354842856526,0.0021218524780124426,0.0002560983703006059,0.00013824594498146325,0.00040219916263595223,2.3744121335766977e-06,0.00428722845390439,0.00026386359240859747,0.9907582402229309,Violin_or_fiddle
7eb9dac0.wav,Violin_or_fiddle,0.0055317869409918785,0.01128318626433611,0.013407153077423573,0.016975807026028633,0.0008487181039527059,0.00479675829410553,4.7837169404374436e-05,0.008957899175584316,0.002210831269621849,0.9359399080276489,Violin_or_fiddle
8d7d7dba.wav,Violin_or_fiddle,0.014563712291419506,0.0013655023649334908,0.03205123916268349,0.002430588472634554,0.0018828067695721984,0.002463187323883176,6.89030421199277e-05,0.021198749542236328,0.0006542467745020986,0.9233210682868958,Violin_or_fiddle
2424ad60.wav,Violin_or_fiddle,0.0034552665892988443,0.017162220552563667,0.004427576437592506,0.00994042493402958,0.00043801235733553767,0.0009453313541598618,5.678251545759849e-05,0.03196423873305321,0.038689158856868744,0.8929209113121033,Violin_or_fiddle
ba648ac1.wav,Violin_or_fiddle,0.0010758420685306191,0.0008896783110685647,0.002012325916439295,0.00021342237596400082,0.00022913662542123348,0.00026535175857134163,4.951575192535529e-06,0.05200355499982834,0.0007221944979391992,0.9425835609436035,Violin_or_fiddle
2e4a9850.wav,Violin_or_fiddle,0.0003955724532715976,7.049032798439603e-12,0.00013800970918964595,1.6684924048604444e-05,1.1294665203109844e-09,0.00028827134519815445,1.1287510233159992e-06,2.8339050913928077e-05,3.164526063414996e-08,0.9991319179534912,Violin_or_fiddle
2cc8683d.wav,Violin_or_fiddle,0.010219310410320759,0.005566708277910948,0.014482184313237667,0.005360220093280077,0.00039989917422644794,0.005522729363292456,3.302922414150089e-05,0.007871310226619244,0.00038366837543435395,0.9501609802246094,Violin_or_fiddle
7b6a119e.wav,Violin_or_fiddle,6.975371036332945e-08,3.6530165559156558e-09,1.4800635881329072e-06,0.00396609865128994,6.955634944461053e-06,0.07924656569957733,0.00015716873167548329,0.0009316068608313799,0.000626773398835212,0.9150632619857788,Violin_or_fiddle
68589f79.wav,Violin_or_fiddle,0.000772906350903213,0.030590085312724113,0.022573869675397873,0.0041893236339092255,0.0014135836390778422,0.0007400377653539181,1.8270704458700493e-05,0.002553933998569846,0.0002128224296029657,0.9369351863861084,Violin_or_fiddle
fec00143.wav,Violin_or_fiddle,2.6024772523669526e-06,3.2266092603094876e-05,4.714160240837373e-05,9.033354581333697e-05,3.5748873870034004e-06,0.0008836807101033628,8.978745427157264e-06,0.002158957766368985,3.527822855176055e-06,0.9967690110206604,Violin_or_fiddle
1b24c166.wav,Violin_or_fiddle,0.0101140346378088,0.061001572757959366,0.05694346874952316,0.0028122744988650084,0.0026396147441118956,0.0067924270406365395,0.00012837440590374172,0.060274895280599594,0.000174578235601075,0.79911869764328,Violin_or_fiddle
6eb59008.wav,Violin_or_fiddle,3.7874197005294263e-06,2.874326054946863e-10,1.028755264087522e-06,0.0003378209366928786,1.8182717553827388e-07,0.0015212110010907054,1.8970074506796664e-06,0.003844873746857047,1.3423184100247454e-05,0.9942757487297058,Violin_or_fiddle
0e7cd4eb.wav,Violin_or_fiddle,0.021697180345654488,0.003843924729153514,0.031142832711338997,0.00016660807887092233,0.010606246069073677,0.000597634760197252,0.00037857473944313824,0.013874823227524757,0.07466338574886322,0.8430289030075073,Violin_or_fiddle
56e79c6f.wav,Violin_or_fiddle,5.5410811910405755e-05,1.68485406182306e-10,0.04432428628206253,0.0029442673549056053,1.1007513421645854e-05,0.018139207735657692,0.00183977116830647,0.029465802013874054,0.0067620230838656425,0.8964580297470093,Violin_or_fiddle
cdc5fe8e.wav,Violin_or_fiddle,0.0011090344050899148,8.20854984340258e-05,0.00043565925443544984,0.0002176060079364106,0.008511070162057877,0.09468674659729004,1.6338252351033589e-07,0.09904547780752182,6.783339631510898e-05,0.7958442568778992,Violin_or_fiddle
b38409bb.wav,Violin_or_fiddle,3.013244622707134e-07,2.7062184958237534e-13,5.70105704866819e-08,0.00022527942201122642,6.799109275590354e-09,6.434452757275722e-07,6.527983015258698e-12,2.042735980367638e-09,4.962033006705724e-10,0.9997737407684326,Violin_or_fiddle
c8c117dc.wav,Violin_or_fiddle,0.009665378369390965,0.00537564093247056,0.026119519025087357,3.3150528906844556e-05,0.002794139087200165,0.00040596912731416523,1.120404340326786e-05,0.002154039917513728,0.02681107074022293,0.926629900932312,Violin_or_fiddle
b73c3595.wav,Violin_or_fiddle,0.020382476970553398,7.106631364113547e-13,4.575182899202446e-09,0.02847185730934143,5.419358330982504e-06,1.1570626838874887e-06,6.971575539083119e-10,1.661497961435998e-08,2.7662773405268126e-08,0.9511390924453735,Violin_or_fiddle
d84c8c43.wav,Violin_or_fiddle,0.00040213053580373526,0.015663765370845795,0.017162315547466278,0.0005646075587719679,0.0007665685843676329,0.0014590240316465497,6.809728074586019e-05,0.0050223106518387794,3.987533273175359e-05,0.958851158618927,Violin_or_fiddle
d914225a.wav,Violin_or_fiddle,0.03368702530860901,5.343418933989597e-07,0.015047416090965271,0.0015117799630388618,6.952338299015537e-05,0.0011086884187534451,1.2059547771059442e-05,0.0036178571172058582,8.130841888487339e-05,0.9448637962341309,Violin_or_fiddle
1148986e.wav,Violin_or_fiddle,0.03634151443839073,2.9455250682985934e-07,0.02847456932067871,0.0003471554955467582,0.00022782011365052313,0.003940478898584843,9.620872333471198e-06,0.012617035768926144,7.611289765918627e-05,0.9179654717445374,Violin_or_fiddle
e3f479f3.wav,Violin_or_fiddle,4.9417882109992206e-05,0.00015783360868226737,0.05433867499232292,0.0006471720989793539,0.000237227461184375,0.006885704584419727,0.0001097149943234399,0.04146723076701164,0.025547800585627556,0.8705593347549438,Violin_or_fiddle
aab28420.wav,Violin_or_fiddle,0.00031239588861353695,0.012835313566029072,0.021156378090381622,0.007952199317514896,0.0004626394365914166,0.000726735801436007,5.3115483751753345e-05,0.008081907406449318,0.00012246124970261008,0.948296844959259,Violin_or_fiddle
21346775.wav,Violin_or_fiddle,0.00802051741629839,0.007210509851574898,0.011175655759871006,6.334028876153752e-05,0.001199893420562148,0.001588834566064179,1.1016805729013868e-05,0.0036119790747761726,0.00537364324554801,0.9617446660995483,Violin_or_fiddle
cdeece57.wav,Violin_or_fiddle,0.0013580841477960348,0.0006532232509925961,0.03250236436724663,0.0006028453353792429,0.0010779397562146187,0.028472144156694412,7.1074196057452355e-06,0.005735163576900959,3.556343654054217e-05,0.9295555353164673,Violin_or_fiddle
c9fb642d.wav,Violin_or_fiddle,0.10200292617082596,0.0014211004599928856,0.003969739656895399,0.00032934159389697015,0.0002025434805545956,0.00126004742924124,1.1207263241885812e-06,0.034519094973802567,0.0008684176136739552,0.8554255962371826,Violin_or_fiddle
078f7ac0.wav,Hi-hat,1.2206922675126743e-16,9.557284502107084e-15,1.9330871972589314e-11,4.452755320016877e-07,1.6176003678897155e-13,3.4299133403692394e-05,0.9999485015869141,3.49219391182487e-07,5.182783269219726e-08,1.6337773558916524e-05,Hi-hat
e897db78.wav,Hi-hat,7.35946164408675e-16,1.6892252070941608e-15,1.5571447126508375e-14,3.049080543604532e-09,3.901690236629736e-14,7.11873138214969e-09,0.9999999403953552,9.60517256010096e-12,3.232859258073262e-10,9.359080621607063e-08,Hi-hat
b31ed1fb.wav,Hi-hat,4.3561749407672323e-07,9.381936894037324e-11,6.587421921722125e-06,0.0001967821444850415,2.359845430177643e-09,0.0018617952009662986,0.9124212265014648,3.697967986227013e-05,0.08537080138921738,0.00010531360749155283,Hi-hat
06c48eab.wav,Hi-hat,1.7949018001672812e-05,5.327458438841859e-07,0.0014841234078630805,0.00022806077322456986,1.3322044196684146e-06,0.0057878694497048855,0.9855676293373108,0.000395946204662323,0.0009672982268966734,0.005549430847167969,Hi-hat
2503aaa1.wav,Hi-hat,6.332922298276766e-16,3.2405566267488736e-15,6.414745904598229e-12,4.686053216573782e-06,1.946434549995879e-13,0.00013020724873058498,0.9998648166656494,1.0778983039472223e-08,6.280175490758211e-09,2.910208820594562e-07,Hi-hat
3d3439f1.wav,Hi-hat,1.1810135490820505e-14,1.785426444682976e-15,4.6169432379062226e-15,1.0868028699206889e-09,1.162854805936836e-13,5.868783237161779e-10,0.9999997019767761,8.095439466351828e-13,5.330833996453066e-09,2.5709547912811104e-07,Hi-hat
34a90030.wav,Hi-hat,1.4420633356608507e-17,1.5028810289341545e-20,5.831087040764115e-15,3.0593948707746677e-08,5.56136686876552e-16,6.644664551913593e-08,1.0,1.7819670435417767e-13,1.0236971182851426e-13,1.191600951244709e-08,Hi-hat
da4b0379.wav,Hi-hat,2.6940864130424663e-19,6.788832845936087e-20,3.507953863829183e-18,3.1386107601782953e-10,1.0455428608538791e-16,1.9750292980930118e-12,1.0,5.57044547377331e-16,1.7678633080012163e-12,2.734758863809361e-09,Hi-hat
a090c45a.wav,Hi-hat,6.020983886604648e-16,5.422816736671068e-15,1.3030305933098112e-15,1.1110575792727673e-09,5.998894008494085e-15,6.875795766081438e-11,0.9999998211860657,1.6301478396318902e-12,4.83812190310573e-09,1.468815185035055e-07,Hi-hat
41897c32.wav,Hi-hat,3.143703700136946e-11,1.2246644814583826e-15,5.219420035063038e-11,1.5604873624397442e-05,4.536924221726357e-12,4.476733920455445e-06,0.9604634046554565,0.001982636284083128,0.02694864012300968,0.01058533787727356,Hi-hat
2032be87.wav,Hi-hat,3.109815239696371e-20,1.515572626767172e-16,4.876260528176302e-13,6.189555534774627e-08,3.203061654547478e-15,2.4253652100014733e-06,0.9999974966049194,1.685489803282536e-10,5.462064578409809e-08,3.230599343595486e-09,Hi-hat
73677128.wav,Hi-hat,1.7541812859155703e-21,1.3148587721095313e-19,3.907274642794667e-17,1.0143168971410432e-08,1.871814269564813e-17,7.1297212578258495e-09,1.0,2.573849987308474e-11,7.493664022639734e-11,1.82856785269081e-09,Hi-hat
c53a217e.wav,Hi-hat,9.260548480698444e-22,3.125731238997415e-17,1.0011217081837189e-14,2.508075738205662e-07,6.165479237076759e-16,6.387530504525785e-08,0.9999997615814209,3.3592220116673843e-09,7.050224293259078e-10,9.083110263929939e-09,Hi-hat
f0dfe343.wav,Hi-hat,3.2810926325193694e-17,2.751604263907928e-16,8.838767495689126e-10,1.5885282209637808e-06,8.352610866412674e-14,0.000744135060813278,0.9992523789405823,1.8939653045890736e-06,2.949003041763376e-09,4.4068450222312094e-08,Hi-hat
0ed06544.wav,Hi-hat,2.644948679331943e-18,7.93073454503294e-16,3.2882190351656015e-13,2.1811410988448188e-07,4.203079975262456e-15,1.463753733332851e-06,0.9999982714653015,4.3132369897946887e-10,8.226900827246197e-10,3.412695903648455e-08,Hi-hat
99c96a07.wav,Hi-hat,2.1832862184822943e-09,6.662250143563142e-06,8.094258987512148e-07,1.9256733139627613e-05,2.1887776924245372e-08,0.0003754720091819763,0.9988731741905212,1.5131634834020247e-09,0.0005930015468038619,0.0001316099223913625,Hi-hat
3a3d0279.wav,Hi-hat,2.0234172918730167e-15,6.329227117044369e-15,4.9653253480130746e-15,5.165945253793325e-07,1.2379779547409125e-14,1.5349303772449474e-10,0.999999463558197,1.1842116696969551e-11,7.461159690080876e-09,3.8109092770355346e-08,Hi-hat
612702c3.wav,Hi-hat,4.875991103936439e-13,7.098222786519232e-17,1.6850293382830728e-10,6.501957017235327e-08,5.459065274479591e-13,2.1807736629853025e-05,0.999976634979248,8.104029947109126e-11,5.658625124027594e-09,1.4249156947698793e-06,Hi-hat
d6854eb4.wav,Hi-hat,0.0019598384387791157,0.012691781856119633,0.007993694394826889,0.0010865593794733286,0.001826216117478907,0.042935244739055634,0.890780508518219,0.02444615215063095,0.0016635890351608396,0.014616355299949646,Hi-hat
52300f9b.wav,Hi-hat,1.1178894623998638e-21,1.4111290968570826e-17,3.66534068518159e-15,1.688907502739312e-08,3.4667052121824704e-16,1.6843263450638801e-09,0.9999985098838806,1.534604665565098e-10,2.356491304172925e-12,1.5334481986428727e-06,Hi-hat
09a1cfd7.wav,Hi-hat,3.783728786153429e-15,4.750443744969135e-13,1.4719857277523118e-12,1.274106693927024e-06,1.775095234647292e-13,8.222144742831006e-08,0.9999975562095642,3.937639103668289e-10,1.9891375302449887e-07,9.517125363345258e-07,Hi-hat
3aafb6ad.wav,Hi-hat,1.4141221527097514e-10,2.734175552632223e-09,7.000271125434665e-06,0.022334439679980278,3.154545291650379e-09,0.0019938501063734293,0.9733890891075134,0.00011032116162823513,7.5094694693689235e-06,0.0021578187588602304,Hi-hat
493c247b.wav,Hi-hat,1.2412174640114221e-16,1.9428016053563146e-12,4.067906601845639e-12,4.1096016502706334e-05,1.3681867054235464e-13,7.056975391606102e-06,0.9999434947967529,4.365513632365037e-06,8.737361945065913e-09,3.9365809243463445e-06,Hi-hat
5ec7ad26.wav,Hi-hat,9.97180040363671e-15,9.695355107674272e-15,6.1484428659497325e-12,3.4084069966411334e-07,5.797702595788934e-12,1.0657467100827489e-05,0.9999830722808838,2.1100972358301107e-10,4.275985361346102e-07,5.6000017139012925e-06,Hi-hat
a1b369d7.wav,Hi-hat,1.7393722638418818e-13,2.4880089342113696e-15,5.595684332559969e-11,1.8261256684581895e-07,1.3749761149529222e-13,1.0434312258666978e-07,0.9953287243843079,1.68262813531328e-05,0.0029251615051180124,0.0017290737014263868,Hi-hat
8cd809d3.wav,Hi-hat,9.790056135564051e-13,2.9412322577471173e-10,3.217873540961591e-07,0.0021628555841743946,2.8942434560086383e-10,1.7829430362326093e-05,0.9799290299415588,0.017341597005724907,3.4044293784063484e-07,0.000548024894669652,Hi-hat
aed9d22f.wav,Hi-hat,7.368796476561084e-16,3.5219784530346682e-15,7.287132702815668e-11,2.5578277274007633e-08,1.69376689187822e-14,0.00028021898469887674,0.9997193217277527,2.005079977607238e-07,1.7422223663743353e-08,2.4593023795205227e-07,Hi-hat
a7964699.wav,Hi-hat,5.619990082572461e-14,7.27550242274333e-11,3.9388519113003895e-09,0.0005342462682165205,1.268146698762962e-09,6.0363814554875717e-05,0.999054491519928,5.1222508773207664e-05,1.2193087286505033e-06,0.00029815436573699117,Hi-hat
da3f8050.wav,Hi-hat,3.7266739173758e-14,3.1069735673128207e-10,6.334625712867137e-09,0.0023232765961438417,5.553958334902909e-11,0.0018002501456066966,0.9955453276634216,3.992113852291368e-05,5.6536190840006384e-08,0.0002911227638833225,Hi-hat
468f9c4c.wav,Hi-hat,1.755930861691013e-05,0.00014647278294432908,0.016037845984101295,0.0005207252106629312,0.001078890054486692,0.021348776295781136,0.9408887028694153,0.0006414869567379355,0.017329039052128792,0.001990711549296975,Hi-hat
229be2be.wav,Snare_drum,1.202079857876015e-07,1.6559473806410097e-05,2.1956759155727923e-05,1.186863755719969e-06,3.8661833734465745e-09,3.7355150652729208e-06,9.83175368673983e-07,4.132895359276745e-09,0.999954342842102,1.1208527439521276e-06,Snare_drum
b6cbc6a9.wav,Snare_drum,5.923463390899997e-07,8.08369726712499e-09,4.744630643926939e-08,2.463056070212133e-08,9.495220165689489e-10,9.990098703838157e-08,1.6259613744296075e-07,2.2680667825625278e-05,0.999965488910675,1.0866997399716638e-05,Snare_drum
ae7d1c37.wav,Snare_drum,0.0038559476379305124,3.649039354058914e-05,0.002075048629194498,0.0014810592401772738,2.5898782041622326e-05,7.741381705272943e-05,4.4708585846819915e-06,0.056789226830005646,0.9353467226028442,0.0003078846202697605,Snare_drum
82d4fb44.wav,Snare_drum,2.6518603135627927e-06,3.596692579321825e-07,1.6562481732762535e-06,1.9994766731201707e-08,1.3406115106917582e-09,5.385496706367121e-07,2.642633262439631e-06,7.014455604803516e-06,0.9999635815620422,2.1496516637853347e-05,Snare_drum
4c590f69.wav,Snare_drum,0.0006114592542871833,1.768830202308891e-07,1.4046847354620695e-05,0.0005366755649447441,1.746550333336927e-05,0.0001609728205949068,2.7114795102534117e-06,0.0005089794285595417,0.9979996681213379,0.00014783494407311082,Snare_drum
1c9a423f.wav,Snare_drum,9.320310567773049e-08,1.7182569437239467e-15,1.0463551234352053e-06,3.817197648459114e-05,1.0549007847804326e-11,0.00010556535562500358,1.2252827943340545e-14,0.02125338651239872,0.9785991907119751,2.538178705435712e-06,Snare_drum
f0727eac.wav,Snare_drum,2.8670979190792423e-07,4.14860679143203e-09,3.085391711010743e-07,1.5771240216566618e-11,2.4474744453328867e-10,6.196370668476447e-05,1.5917403288767673e-06,3.4492442235745102e-09,0.9999358057975769,5.944211167729918e-08,Snare_drum
31db8c5e.wav,Snare_drum,0.00021391625341493636,1.7150367057183757e-05,0.03685108572244644,1.4746470924364985e-06,0.00018137918959837407,5.781934760307195e-06,9.948327033271198e-07,0.00022608163999393582,0.9478457570075989,0.014656308107078075,Snare_drum
b86b5a96.wav,Snare_drum,1.937269371410366e-05,4.214900764054619e-05,7.692419785598759e-07,4.655124484997941e-06,1.317845743642465e-07,5.990369572828058e-06,1.639000402064994e-05,0.00011665330384857953,0.9997842311859131,9.633617082727142e-06,Snare_drum
6fca680b.wav,Snare_drum,0.022862689569592476,0.00030008202884346247,0.0002280494518345222,0.00011990340863121673,0.007820249535143375,0.00018859455303754658,4.1418758200961747e-07,0.0013759048888459802,0.9659316539764404,0.0011725183576345444,Snare_drum
1bc8eae1.wav,Snare_drum,0.0008869696757756174,0.0002299397747265175,0.00021870907221455127,3.697704187288764e-07,1.4554763083651778e-07,9.866310574579984e-05,0.00019286999304313213,0.0009937376016750932,0.9966157078742981,0.0007627917220816016,Snare_drum
46b52f97.wav,Snare_drum,6.315357126140952e-08,1.8450323491236986e-09,7.184938795035123e-07,5.395931293605827e-05,5.8674839209515994e-08,0.0020079705864191055,3.181907004545792e-06,0.018673939630389214,0.9792419672012329,1.818561759137083e-05,Snare_drum
0c67f402.wav,Snare_drum,3.012007709912723e-07,5.742280677623057e-07,3.573129561118549e-07,4.583943891134368e-08,3.7756626625196077e-07,1.0307768434358877e-06,5.4942863592089e-09,0.0002962401194963604,0.9996985793113708,2.6531236017035553e-06,Snare_drum
c8ecbbfd.wav,Snare_drum,9.47388116401271e-07,1.7050045642008627e-07,3.4082179354300024e-06,5.7003471738426015e-06,1.4882120012771338e-05,0.000418499723309651,1.2426743296600762e-06,0.0009508400107733905,0.9985799789428711,2.424815647827927e-05,Snare_drum
9f84ea5a.wav,Snare_drum,0.06929736584424973,9.556826441325939e-09,0.13709232211112976,0.0005157339037396014,0.003610451938584447,0.005811430048197508,2.1178948372835293e-06,1.9728580809896812e-05,0.7774994373321533,0.006151367910206318,Snare_drum
e4958adc.wav,Snare_drum,3.1110278086998733e-06,2.295962303833221e-06,0.011453027836978436,0.002109707333147526,1.7235393556802592e-07,0.00017081589612644166,7.810901259119873e-09,2.6433090170030482e-05,0.9862339496612549,5.055953238297661e-07,Snare_drum
5ce40b1b.wav,Snare_drum,8.591291589254979e-06,3.528348315740004e-06,1.3736037544731516e-05,9.605855666450225e-08,1.0504716208004083e-08,5.34711170985247e-06,2.2855890335904405e-07,7.452827503584558e-06,0.9999606013298035,6.708214641548693e-07,Snare_drum
9d308738.wav,Snare_drum,1.3483914926837315e-06,3.448625420787721e-07,1.4594055755878799e-05,4.765416576901771e-07,3.734620577233727e-07,1.976977728190832e-05,1.8381774680165108e-06,6.063047294446733e-06,0.9999299049377441,2.550784483901225e-05,Snare_drum
1e3391d5.wav,Snare_drum,0.0018190958071500063,7.765565896988846e-06,0.00032474889303557575,0.003884232137352228,6.944434289835044e-07,6.130631663836539e-05,1.86799731238807e-09,0.0026491419412195683,0.9911660552024841,8.707476081326604e-05,Snare_drum
ff3f21e7.wav,Snare_drum,6.592615136469249e-06,3.395316383603131e-08,2.867952844098909e-06,6.976364375077537e-08,6.686259879096212e-10,2.903850138125108e-08,2.079392213971687e-11,6.768804723833455e-06,0.9999748468399048,8.944135515775997e-06,Snare_drum
b68f10af.wav,Snare_drum,0.005988757126033306,0.0005124729359522462,0.0001903788943309337,0.00037798465928062797,2.3521079128840938e-05,0.009281067177653313,0.0023103230632841587,0.01885422132909298,0.9617120027542114,0.0007494474994018674,Snare_drum
e8e00924.wav,Snare_drum,0.00029552358319051564,2.3855666313465917e-06,4.603200068231672e-06,1.8033311732779111e-07,6.821939280143852e-08,0.00015622421051375568,5.735660124628339e-06,0.0007253079093061388,0.9987316131591797,7.832964911358431e-05,Snare_drum
22e1c02c.wav,Snare_drum,2.48452925006859e-05,9.429109195480123e-05,1.5128595805435907e-05,6.931195457582362e-07,2.5313305741292424e-05,7.280847057700157e-06,9.37450124638417e-07,0.000331060029566288,0.9991386532783508,0.00036176538560539484,Snare_drum
5c33d972.wav,Snare_drum,0.02062319777905941,0.05252401903271675,0.09319107234477997,0.0012488114880397916,0.014457516372203827,0.001830431865528226,0.00047770110541023314,0.024164628237485886,0.695671021938324,0.09581154584884644,Snare_drum
9320c55f.wav,Snare_drum,0.0003597254981286824,0.001604971825145185,0.00314515782520175,0.000299098901450634,0.0009211204596795142,0.0017087840242311358,0.00024786172434687614,0.020416367799043655,0.9545989036560059,0.016698060557246208,Snare_drum
f1754aea.wav,Snare_drum,8.442701073363423e-05,0.0008719572215341032,0.00017547514289617538,2.8604141334653832e-05,1.0535974297454231e-06,0.0040203542448580265,3.913783803000115e-05,2.8329889119049767e-06,0.9947661757469177,1.0067659786727745e-05,Snare_drum
b218444c.wav,Snare_drum,0.026331672444939613,0.00911056436598301,0.009257958270609379,0.001537975505925715,0.0001949690777109936,0.00041611219057813287,1.5837703131182934e-06,0.010616054758429527,0.9392471313476562,0.003286028513684869,Snare_drum
36d06cc0.wav,Snare_drum,0.00026062974939122796,8.724681538296863e-05,0.0006222979282028973,1.518376939202426e-05,2.532129315113707e-07,5.8727851865114644e-05,3.187882953170629e-07,0.004124295432120562,0.9947840571403503,4.702002479461953e-05,Snare_drum
4c4d4797.wav,Snare_drum,0.00015323203115258366,1.7984765676715142e-08,1.3320934044713795e-07,1.9238376580688055e-07,2.017433864409668e-08,8.376901860174257e-06,1.6591358189543826e-06,0.0008874596678651869,0.998945415019989,3.5375658171687974e-06,Snare_drum
cae0d841.wav,Snare_drum,2.8345825242581668e-08,1.6843787475906424e-09,6.388041242644249e-07,5.369236532715149e-05,1.8515645683336857e-09,0.0008135887328535318,7.680843737034593e-06,0.0029407916590571404,0.9961779713630676,5.526866061700275e-06,Snare_drum
17f82c05.wav,Acoustic_guitar,0.6004486680030823,0.018623512238264084,0.21623234450817108,0.00041879521450027823,0.09253457188606262,0.0017823533853515983,0.00012081112072337419,0.005823916755616665,0.009549650363624096,0.0544654056429863,Acoustic_guitar
0eeaebcb.wav,Acoustic_guitar,0.9710241556167603,3.2669454697042966e-08,0.0013554845936596394,0.00015072613314259797,5.8411342251929455e-06,0.009528116323053837,8.74063630362798e-08,0.005019578151404858,0.012890252284705639,2.5889636162901297e-05,Acoustic_guitar
e92bf0fa.wav,Acoustic_guitar,0.9770420789718628,4.0145295088223065e-08,0.014740735292434692,2.56222665484529e-05,7.572906906716526e-05,0.00046356048551388085,7.755471642667544e-07,0.00017486947763245553,0.007252776063978672,0.00022387302306015044,Acoustic_guitar
10da16fb.wav,Acoustic_guitar,0.9596014618873596,5.851136464229967e-08,0.0031390588264912367,9.696300548966974e-05,4.2863401176873595e-05,0.0010635354556143284,7.855373041820712e-06,0.00022293061192613095,0.0023415875621140003,0.03348365053534508,Acoustic_guitar
a25423a8.wav,Acoustic_guitar,0.9001731276512146,0.0011186515912413597,0.03978316858410835,0.001264088787138462,0.051949743181467056,0.0018468921771273017,1.2344154129095841e-05,0.00033794555929489434,0.0032455024775117636,0.0002686239604372531,Acoustic_guitar
16c9a838.wav,Acoustic_guitar,0.9251611232757568,1.2872417755716015e-05,0.004750013817101717,0.006925825960934162,0.007807499263435602,0.020239319652318954,6.648428296784914e-08,0.0001872697175713256,9.304147170041688e-06,0.03490661457180977,Acoustic_guitar
70ca9c77.wav,Acoustic_guitar,0.8183534741401672,9.784544818103313e-05,0.061802592128515244,0.022047389298677444,0.08047808706760406,0.0008619815343990922,1.1776680821640184e-06,0.012614489533007145,0.0037272500339895487,1.5881172657827847e-05,Acoustic_guitar
38216fad.wav,Acoustic_guitar,0.9172505140304565,0.0015375574585050344,0.03226444125175476,0.00016787670028861612,0.01504735741764307,0.002672464121133089,5.8902758610202e-05,0.016240298748016357,0.006256170105189085,0.00850448664277792,Acoustic_guitar
d8a257e5.wav,Acoustic_guitar,0.8804624676704407,0.020397992804646492,0.05238372087478638,0.0007304458995349705,0.001300412928685546,0.0014649254735559225,1.925159085658379e-05,0.02296575903892517,0.0004625046858564019,0.019812537357211113,Acoustic_guitar
7506dcc4.wav,Acoustic_guitar,0.9716419577598572,3.10470539943708e-07,1.7847360140876845e-05,0.01691029779613018,0.00014684195048175752,0.00013210103497840464,1.1139526634451613e-08,0.00838233157992363,0.0027600403409451246,8.456192517769523e-06,Acoustic_guitar
a6728901.wav,Acoustic_guitar,0.9930680990219116,1.5808283848617322e-10,0.002932144096121192,9.865981382972677e-07,9.964323055555724e-08,0.0011304582003504038,1.6418902305304073e-05,4.832773265661672e-05,1.586054665381198e-08,0.002803333103656769,Acoustic_guitar
b88322f6.wav,Acoustic_guitar,0.973561704158783,0.0020949163008481264,0.01564297266304493,0.00011857851495733485,0.005925437435507774,0.0003708956064656377,5.412309747043764e-07,0.00028841124731115997,2.017296355916187e-05,0.0019764010794460773,Acoustic_guitar
35039ae1.wav,Acoustic_guitar,0.8568027019500732,1.0678020771592855e-05,0.06586700677871704,2.2136813640827313e-05,0.005251264665275812,0.05950379744172096,2.0501520339166746e-05,0.01142648421227932,1.3201368346926756e-05,0.001082258066162467,Acoustic_guitar
236cbab1.wav,Acoustic_guitar,0.8897180557250977,0.0033605799544602633,0.037390731275081635,0.0030355232302099466,0.018475888296961784,0.007497438695281744,0.00013678782852366567,0.010861445218324661,0.027089791372418404,0.002433754736557603,Acoustic_guitar
0356dec7.wav,Acoustic_guitar,0.9007509350776672,0.0006710226298309863,0.03422066569328308,0.0004849903634749353,0.0008577404078096151,0.003938629757612944,1.2017694643873256e-06,0.019666770473122597,0.009914819151163101,0.02949311025440693,Acoustic_guitar
bb1f5874.wav,Acoustic_guitar,0.9803527593612671,1.4644582506662118e-06,0.004894386976957321,4.827311386179645e-06,0.00030906181200407445,0.003447537776082754,8.756581337365787e-06,8.174391405191272e-05,0.010355080477893353,0.0005442409892566502,Acoustic_guitar
34747922.wav,Acoustic_guitar,0.7861502170562744,2.879141618450376e-07,0.0011241344036534429,0.00017191442020703107,1.6562993550905958e-05,0.1421658843755722,5.072404019301757e-05,0.06134723499417305,2.6299831006326713e-05,0.008946733549237251,Acoustic_guitar
44fb3eeb.wav,Acoustic_guitar,0.9143797159194946,1.4050557183509227e-05,0.025845644995570183,0.00031695302459411323,0.00023401682847179472,0.00229238485917449,6.462522961214745e-09,0.051751893013715744,1.8353294706230372e-07,0.005165135022252798,Acoustic_guitar
367ad7b1.wav,Acoustic_guitar,0.885429322719574,1.7543830836075358e-05,0.006224649492651224,8.337317558471113e-05,0.026500284671783447,0.05371544510126114,1.6722850659789401e-06,0.022134441882371902,0.0014116509119048715,0.0044816648587584496,Acoustic_guitar
160c92d7.wav,Acoustic_guitar,0.960155189037323,1.0813308026769164e-09,0.005189678631722927,0.00011840890510939062,1.2801430671061098e-07,0.0017741291085258126,5.579961825930013e-09,2.7828968086396344e-05,4.092448216397315e-05,0.03269373998045921,Acoustic_guitar
2016d256.wav,Acoustic_guitar,0.8603764772415161,1.7807092606014763e-12,3.4904012125025474e-08,0.12912404537200928,1.7214977106050355e-06,3.0193006750778295e-05,1.5611317794039792e-11,0.010460576973855495,2.126251175127436e-08,7.004679446254158e-06,Acoustic_guitar
fc55d588.wav,Acoustic_guitar,0.9597702026367188,0.0003821321006398648,0.01911059021949768,0.000406010658480227,0.008083831518888474,0.0037936517037451267,3.2693351386114955e-06,0.0004929619608446956,0.004293935373425484,0.003663483541458845,Acoustic_guitar
c7846d27.wav,Acoustic_guitar,0.9129050970077515,1.6419983150939288e-09,0.03852205350995064,0.0018400967819616199,4.6249138563325687e-07,0.0395347960293293,1.8961846137699467e-07,4.263959635864012e-05,6.37442553852452e-07,0.007153969723731279,Acoustic_guitar
55822aae.wav,Acoustic_guitar,0.9702708125114441,1.0214391295448877e-05,0.011418572627007961,0.0001848026004154235,0.0014050184981897473,0.00713701406493783,2.0439051695575472e-07,0.0002336743491468951,0.009253516793251038,8.618993160780519e-05,Acoustic_guitar
9923ddf8.wav,Acoustic_guitar,0.9999618530273438,5.293280940959534e-17,3.785988449828137e-12,3.757138620130718e-05,1.0909517556001447e-07,4.7201550046338525e-07,7.488156145499247e-14,7.008807423325436e-11,3.2753133538676593e-10,1.309843167263125e-08,Acoustic_guitar
32dee61b.wav,Acoustic_guitar,0.7908403277397156,0.06290843337774277,0.07639817893505096,0.00012046249321429059,0.045128583908081055,0.00216150120832026,4.7531400923617184e-05,0.004744817037135363,0.0005923652206547558,0.017058124765753746,Acoustic_guitar
fa4d4a92.wav,Acoustic_guitar,0.8428166508674622,0.00010235534864477813,0.02169552445411682,0.008038888685405254,0.11658729612827301,0.0031910615507513285,1.54755271069007e-05,5.886764120077714e-05,0.007453113794326782,4.090818765689619e-05,Acoustic_guitar
8da75280.wav,Acoustic_guitar,0.8404635787010193,0.0004635800432879478,0.0520746223628521,0.0008709621615707874,0.10193383693695068,0.001998240826651454,1.1310050467727706e-05,0.0005207739886827767,0.001022603246383369,0.0006403831648640335,Acoustic_guitar
b2261238.wav,Acoustic_guitar,0.9297881126403809,8.207292012230027e-06,0.004253326915204525,0.00033472070936113596,0.00029459077632054687,0.010192951187491417,6.5398298829677515e-06,0.024312224239110947,0.014025429263710976,0.016783814877271652,Acoustic_guitar
673defaf.wav,Acoustic_guitar,0.9817757606506348,8.01093746893855e-10,0.0004709046334028244,1.210660371953054e-08,3.4322120701091308e-09,9.438396773475688e-06,3.885211845044978e-05,0.01019162219017744,0.0014657415449619293,0.00604778528213501,Acoustic_guitar
e6597186.wav,Double_bass,0.30830469727516174,7.513772288803011e-05,0.14799508452415466,0.0001373845589114353,0.5398865342140198,0.0003736969956662506,1.1146575161546934e-05,1.2269829312572256e-05,0.003148321295157075,5.571718793362379e-05,Double_bass
fcfafbc8.wav,Double_bass,0.008155991323292255,0.025536617264151573,0.01553446426987648,0.000160192052135244,0.9503335952758789,3.846812433039304e-06,3.646990975880726e-08,1.6149980410773424e-06,0.00027171566034667194,1.8628386442287592e-06,Double_bass
444f9db5.wav,Double_bass,2.946760469058063e-05,0.00010642458073562011,0.004156053531914949,0.00042838562512770295,0.8947811722755432,0.023770015686750412,4.122456598310009e-09,0.07662033289670944,5.616864291368984e-05,5.1966493629151955e-05,Double_bass
19893aa8.wav,Double_bass,0.0021335820201784372,0.01923009566962719,0.03379128500819206,0.003983865492045879,0.9108506441116333,0.01133977621793747,4.712556619779207e-05,0.001561925746500492,7.583711703773588e-05,0.016985883936285973,Double_bass
f042282c.wav,Double_bass,0.019505107775330544,0.048716358840465546,0.04313250631093979,0.011889527551829815,0.8651413321495056,0.0010856649605557323,2.9293954867171124e-05,0.0012598991161212325,0.00027009568293578923,0.008970122784376144,Double_bass
95e1d0ae.wav,Double_bass,0.004421628545969725,0.01650913991034031,0.14476251602172852,0.0009738712687976658,0.8079165816307068,0.0006030258373357356,3.5176566598238423e-05,0.02445143088698387,0.00012121855252189562,0.00020538961689453572,Double_bass
595c191d.wav,Double_bass,0.005354898050427437,0.011570808477699757,0.0005550403147935867,0.001120780361816287,0.9574870467185974,0.00015790856559760869,1.800993203460166e-07,0.02344684675335884,8.531402272637933e-05,0.00022128375712782145,Double_bass
8073923c.wav,Double_bass,0.456986665725708,0.00021674574236385524,0.13531702756881714,0.0008319327025674284,0.39887797832489014,0.001212873961776495,5.038650124333799e-05,0.00021099793957546353,0.0058644479140639305,0.00043091614497825503,Acoustic_guitar
6efbaf90.wav,Double_bass,0.00428912416100502,0.012278190813958645,0.03627876192331314,1.0133158866665326e-05,0.9443931579589844,0.00011446808639448136,5.4163399909157306e-05,0.00022964738309383392,0.0006602472858503461,0.0016920249909162521,Double_bass
642ad7e4.wav,Double_bass,0.03096003271639347,0.0005613226676359773,0.0249478742480278,8.452808287984226e-06,0.9115791916847229,1.6862353731994517e-05,2.6797786631505005e-05,0.003965943120419979,0.018295893445611,0.009637590497732162,Double_bass
5eadbc6d.wav,Double_bass,0.04149920120835304,0.008360791020095348,0.029643172398209572,0.006049881223589182,0.8759323358535767,0.0029292048420757055,0.00040760866249911487,0.022368378937244415,0.00023384703672491014,0.012575519271194935,Double_bass
1a7d3f2d.wav,Double_bass,0.16143949329853058,0.0025746545288711786,0.2473239153623581,0.0006097045843489468,0.5831942558288574,0.0005624170880764723,2.8206048227730207e-05,1.149049148807535e-05,0.0036082416772842407,0.0006475548725575209,Double_bass
13da16ae.wav,Double_bass,0.0007879161275923252,0.0037064836360514164,0.000443577126134187,0.00036588264629244804,0.9945926070213318,1.4991296666266862e-05,7.914703559208647e-08,1.0813514563778881e-05,4.923620508634485e-06,7.273582741618156e-05,Double_bass
103f29e5.wav,Double_bass,0.0063152010552585125,5.8913657994708046e-05,0.0005283813807182014,0.002020203974097967,0.9848483800888062,0.003464852459728718,2.528770437493222e-07,0.00031311699422076344,0.0004966490087099373,0.001953967148438096,Double_bass
da8ea649.wav,Double_bass,0.004684524144977331,0.15625877678394318,0.008364677429199219,0.00026732511469163,0.8303588628768921,3.781171471928246e-05,3.964673922496331e-08,1.945445364981424e-05,4.732581146527082e-06,3.7616819099639542e-06,Double_bass
ca348cbb.wav,Double_bass,0.06539695709943771,0.0009141751215793192,0.08061157166957855,5.068774953542743e-06,0.8530048131942749,9.013098861032631e-06,3.3286946177213395e-07,1.6197428465147823e-07,5.212787800701335e-05,5.85532598051941e-06,Double_bass
8ce2e863.wav,Double_bass,0.00011013719631591812,0.0016372614772990346,1.7214775652973913e-05,5.346653779270127e-06,0.9982149600982666,1.0552485036896542e-05,6.915308325972092e-10,3.12335578200873e-06,8.3754061463992e-09,1.487508484387945e-06,Double_bass
462b676f.wav,Double_bass,0.018241241574287415,0.02434225007891655,0.004094056319445372,0.0006043137400411069,0.8912954926490784,0.0036164098419249058,3.7519807847274933e-06,0.02258942648768425,0.0004870770499110222,0.03472605347633362,Double_bass
b428466c.wav,Double_bass,0.04309004917740822,0.028259336948394775,0.017720960080623627,2.4619497708044946e-05,0.9074616432189941,0.000394161295844242,5.415838586486643e-06,0.0025137236807495356,2.5465985800110502e-06,0.000527530733961612,Double_bass
4fd883bb.wav,Double_bass,0.2175511121749878,0.00010318253771401942,0.08065097779035568,5.584340760833584e-05,0.7005180716514587,7.841913611628115e-05,5.73609668208519e-06,2.462312068018946e-06,0.0010043864604085684,2.9777889722026885e-05,Double_bass
2ac8b94f.wav,Double_bass,0.01541315857321024,0.0010719388956204057,0.0165889710187912,0.006032467819750309,0.9355881214141846,0.01607460528612137,3.431517325225286e-05,0.008471475914120674,1.791357107094882e-07,0.000724735960830003,Double_bass
c840804f.wav,Double_bass,0.02464432455599308,0.005039319861680269,0.024273576214909554,8.232054824475199e-05,0.9454395174980164,0.0001674521918175742,9.315273018728476e-06,9.753505764820147e-06,7.45023280614987e-05,0.00025988477864302695,Double_bass
f63f3703.wav,Double_bass,0.01268107071518898,0.017049523070454597,0.012163765728473663,1.4653264770458918e-05,0.9509657621383667,0.00017812805890571326,9.72180941971601e-07,0.00013980137009639293,3.004044083354529e-05,0.0067762574180960655,Double_bass
c0ddf010.wav,Double_bass,0.08370605111122131,0.028238436207175255,0.0356283038854599,1.1716031622199807e-05,0.8311589360237122,0.001097479835152626,4.257759883330436e-06,0.00011948961764574051,0.0002021815744228661,0.019833093509078026,Double_bass
a0cbe92e.wav,Double_bass,0.0028214482590556145,0.053732775151729584,0.02700056880712509,0.012207848951220512,0.8888737559318542,0.011106003075838089,0.0005221989704295993,0.0011375804897397757,0.0005725147784687579,0.0020253565162420273,Double_bass
4fb480bf.wav,Double_bass,0.007769284304231405,0.18781381845474243,0.1927281767129898,0.009794159792363644,0.5821593403816223,0.012209834530949593,5.0230417400598526e-05,0.0025556578766554594,5.9608773881336674e-05,0.004859737120568752,Double_bass
9dd0141c.wav,Double_bass,0.008959701284766197,4.158881347393617e-05,0.05710386112332344,0.00018952434766106308,0.8288068771362305,0.0006453401874750853,1.3271461511976668e-06,0.08459988981485367,0.017719192430377007,0.001932823215611279,Double_bass
deb87700.wav,Double_bass,0.003974383696913719,0.006575813516974449,0.0466417632997036,0.06089349836111069,0.8437828421592712,0.03500087186694145,2.436706745356787e-05,0.00023062388936523348,0.00019618644728325307,0.002679612720385194,Double_bass
e0ecd1a6.wav,Double_bass,0.27532342076301575,0.00016886292723938823,0.11509007960557938,0.007862317375838757,0.5468941330909729,0.00043473244295455515,4.921475920127705e-06,0.03724706545472145,0.003427589312195778,0.013546877540647984,Double_bass
0286fc27.wav,Double_bass,0.014186934567987919,0.006984134670346975,0.03325357288122177,0.0005858288495801389,0.9180566668510437,0.002815493382513523,4.2078449041582644e-05,0.0012581364717334509,7.638632814632729e-05,0.022740745916962624,Double_bass
e2d993ec.wav,Cello,0.027632372453808784,0.004557204432785511,0.8042908310890198,0.016832316294312477,0.020750056952238083,0.007362899370491505,0.0003521757898852229,0.023986006155610085,0.002514532534405589,0.09172157198190689,Cello
0091fc7f.wav,Cello,0.05332320183515549,0.010490909218788147,0.8409468531608582,0.006576215848326683,0.01795644499361515,0.0077629187144339085,5.4770975111750886e-05,0.01905650831758976,0.0020286303479224443,0.041803836822509766,Cello
e55c5160.wav,Cello,0.011296271346509457,0.0023938969243317842,0.8724073767662048,0.0017091977642849088,0.0008824526448734105,0.037129100412130356,6.632795702898875e-06,0.04814561828970909,0.0031346422620117664,0.022894680500030518,Cello
a59b5a08.wav,Cello,0.011627827771008015,0.03951827809214592,0.896916925907135,0.0013661220436915755,0.023673729971051216,0.002372624119743705,3.1718336686026305e-05,0.0006357814418151975,0.00021945068147033453,0.023637408390641212,Cello
88500b88.wav,Cello,0.007729130331426859,0.004565788432955742,0.9043378233909607,0.004237146582454443,0.006335902959108353,0.04395692050457001,2.0822595615754835e-05,0.019712137058377266,0.0006175001035444438,0.008486934006214142,Cello
743ae0f9.wav,Cello,0.05865391716361046,0.03548779338598251,0.7269901037216187,0.0005797588964924216,0.1388196051120758,0.00434499979019165,6.22730512986891e-05,0.0026748061645776033,0.00027987422072328627,0.03210688382387161,Cello
9e3bc1b6.wav,Cello,0.01974024623632431,0.0006523234187625349,0.9572324156761169,0.0018141359323635697,0.005643325857818127,0.0022711281199008226,2.226745527877938e-05,0.009550679475069046,0.0026467181742191315,0.00042680909973569214,Cello
3e2bddda.wav,Cello,0.005394361447542906,0.0005725863738916814,0.8723424673080444,0.020316414535045624,0.0006593707948923111,0.0069508482702076435,0.00017676442803349346,0.07425627112388611,0.0055977595038712025,0.013733209110796452,Cello
d328db67.wav,Cello,0.005185112357139587,0.00047094380715861917,0.9386230707168579,0.020409908145666122,0.0005896686925552785,0.003855777205899358,5.403148861660156e-07,0.005569693632423878,0.007405297365039587,0.01789000630378723,Cello
7d896090.wav,Cello,0.028130890801548958,0.007277869153767824,0.893785834312439,0.0027680618222802877,0.01222135778516531,0.009182780049741268,0.0001077678898582235,0.020952429622411728,0.01320550125092268,0.01236744038760662,Cello
4bff8f32.wav,Cello,0.00843750312924385,0.02673432044684887,0.8478556871414185,0.027204392477869987,0.08515959978103638,0.0021445187740027905,3.201958679710515e-05,0.0019426351645961404,0.0002197136200265959,0.00026950694154947996,Cello
5e5bca7a.wav,Cello,0.011023182421922684,0.022425824776291847,0.913078784942627,0.000943813647609204,0.0122494176030159,0.0031737505923956633,0.000148130624438636,0.0078023578971624374,0.00027381794643588364,0.02888096310198307,Cello
811bf309.wav,Cello,0.025397703051567078,0.012835945002734661,0.8557241559028625,0.0005169134819880128,0.007786798756569624,0.003265192499384284,9.838896949077025e-05,0.04411257058382034,0.002476146211847663,0.04778628423810005,Cello
5689818f.wav,Cello,0.018445448949933052,0.009614439681172371,0.9179748892784119,0.0003387749893590808,0.031896814703941345,0.0025799765717238188,0.00011334421287756413,0.0015886509791016579,0.0006402871222235262,0.016807343810796738,Cello
81d9f077.wav,Cello,0.0098107373341918,0.001731921685859561,0.8465675115585327,0.006743518635630608,0.09502939879894257,0.01816727966070175,6.846823816886172e-05,0.013772671110928059,9.9218959803693e-05,0.008009332232177258,Cello
00353774.wav,Cello,0.01847495697438717,0.0011953127104789019,0.9417875409126282,0.00016513066657353193,0.00016189520829357207,0.03276775777339935,8.013868500711396e-05,0.003836976597085595,0.00022278877440840006,0.0013074829475954175,Cello
6a210ffa.wav,Cello,0.03199712187051773,0.0072452230378985405,0.8866068124771118,0.0009694154723547399,0.06571546941995621,0.0012955748243257403,5.313314250088297e-05,0.0010064124362543225,0.0036898935213685036,0.0014210579684004188,Cello
e97d9707.wav,Cello,0.008952707052230835,0.0023110921029001474,0.9208078980445862,0.001638990011997521,0.013727257028222084,0.017856694757938385,0.0001292560191359371,0.005123111419379711,0.01557637844234705,0.013876587152481079,Cello
238b16a5.wav,Cello,0.060772646218538284,0.0003123685310129076,0.7514448761940002,4.922857624478638e-05,0.1841793805360794,0.00044082081876695156,3.0448948109551566e-06,3.579445547075011e-05,0.0016931395512074232,0.001068694400601089,Cello
dc5be9d7.wav,Cello,0.0268362145870924,0.008643080480396748,0.9329454302787781,0.0013881942722946405,0.024929402396082878,0.002402507234364748,1.958475331775844e-05,0.00035505107371136546,0.0003014407411683351,0.0021792184561491013,Cello
f9653de8.wav,Cello,0.01918298564851284,0.09165360778570175,0.7415237426757812,0.0005315148155204952,0.134993314743042,0.0018335907952859998,3.0806342692812905e-05,0.002917276695370674,5.744937516283244e-05,0.007275838404893875,Cello
31dbc5c0.wav,Cello,0.007548462133854628,0.00410857517272234,0.9018771648406982,0.00018508982611820102,0.01353255845606327,0.014541614800691605,6.1423061197274365e-06,0.0032130128238350153,9.328137093689293e-05,0.054894182831048965,Cello
cbc8d551.wav,Cello,0.03636455908417702,0.0550866462290287,0.8295924663543701,0.0019108242122456431,0.015088535845279694,0.0026529072783887386,0.00010653176286723465,0.016234412789344788,0.0007065216195769608,0.042256616055965424,Cello
195f544d.wav,Cello,0.021924197673797607,0.00482772383838892,0.8004889488220215,0.0015269765863195062,0.013348538428544998,0.06781195849180222,0.0005988897173665464,0.04063659533858299,0.0036332362797111273,0.04520290717482567,Cello
22bea889.wav,Cello,0.06565089523792267,0.006266365293413401,0.7660935521125793,0.008607066236436367,0.11146103590726852,0.006100265774875879,0.00011817585618700832,0.0032585039734840393,0.02852463535964489,0.003919534385204315,Cello
ab8e8ae3.wav,Cello,0.004853806924074888,0.015534656122326851,0.93475341796875,0.0010656401282176375,0.03346434608101845,0.005657131318002939,7.406435906887054e-05,0.0013886988162994385,0.0011521540582180023,0.0020561886485666037,Cello
e70c41d4.wav,Cello,0.00025481439661234617,8.86904035724001e-06,0.9046677350997925,0.006479497998952866,5.5806034652050585e-05,0.02283576689660549,2.3814163796487264e-07,0.05522692948579788,0.0006608233670704067,0.009809591807425022,Cello
125e6ccf.wav,Cello,0.0022106769029051065,0.0013593003386631608,0.9575702548027039,0.0038832370191812515,0.0007862691418267787,0.0005351514555513859,7.730674269623705e-07,0.0014970636693760753,0.006783712655305862,0.0253735538572073,Cello
2da9e12a.wav,Cello,0.01825457625091076,0.015355664305388927,0.9088733792304993,0.0005785017856396735,0.04495871812105179,0.0033457325771450996,0.0009951033862307668,0.005854372400790453,0.00020501131075434387,0.0015788761666044593,Cello
34e4d187.wav,Cello,0.02841176837682724,0.03425537422299385,0.7434298396110535,0.004168013576418161,0.16039471328258514,0.0029366484377533197,0.00010250021296087652,0.01786823943257332,0.000891023431904614,0.007541995961219072,Cello
52e54bdd.wav,Bass_drum,0.005155370570719242,0.5672916173934937,0.30455538630485535,0.006623990833759308,0.08085369318723679,0.010564669966697693,0.00015115017595235258,0.005622491240501404,0.00031403792672790587,0.01886753737926483,Bass_drum
6d21ad67.wav,Bass_drum,3.6966255265724612e-06,0.9626029133796692,0.0011274482822045684,1.2237234841450118e-05,0.03620266541838646,3.2970499887596816e-05,3.948666726927286e-09,1.4052367987460457e-05,7.606539611515473e-07,3.4464408145140624e-06,Bass_drum
ca3f3698.wav,Bass_drum,0.0010062367655336857,0.9687155485153198,0.0017830178840085864,3.943865522160195e-06,0.028388606384396553,4.3701580580091104e-05,2.313151625799037e-08,4.437478492036462e-05,4.3178818032174604e-07,1.4047593140276149e-05,Bass_drum
aa9ae956.wav,Bass_drum,3.057215508306399e-05,0.9799989461898804,0.012050172314047813,0.00022414932027459145,0.00691343704238534,0.0004734904505312443,4.6326015024078515e-08,7.11075626895763e-05,4.216495597120229e-07,0.00023753642744850367,Bass_drum
0ddb4bdf.wav,Bass_drum,5.9790290833916515e-05,0.973002552986145,0.009263601154088974,0.00029833431472070515,0.016312826424837112,0.000666243489831686,8.551081123187032e-07,4.6861143346177414e-05,5.31307978235418e-06,0.00034368911292403936,Bass_drum
921eee9d.wav,Bass_drum,0.08758479356765747,0.8134834170341492,0.005246153566986322,0.007715754676610231,0.0014753504656255245,0.009145190007984638,5.650175808114e-05,0.015594237484037876,0.008746323175728321,0.05095231533050537,Bass_drum
c153f347.wav,Bass_drum,0.00031128927366808057,0.9630814790725708,0.0025859407614916563,1.5081593119248282e-05,0.03385382145643234,5.351360232452862e-05,5.235410327486534e-08,8.769452688284218e-05,8.851873758430884e-07,1.0212539564236067e-05,Bass_drum
63e0ab2c.wav,Bass_drum,0.00034028233494609594,0.8991855382919312,0.07632690668106079,8.387304842472076e-05,0.02149912528693676,0.0007314113317988813,2.7059419949182484e-07,0.0001064668467734009,4.3606519284367096e-07,0.0017257824074476957,Bass_drum
88780eac.wav,Bass_drum,0.00312985060736537,0.9098724126815796,0.009216640144586563,0.009858784265816212,0.00922734010964632,0.04472789913415909,3.2295538403559476e-05,0.0006161354831419885,0.009517328813672066,0.0038011909928172827,Bass_drum
bea51ca5.wav,Bass_drum,0.030727002769708633,0.6645709276199341,0.027486134320497513,0.01521754078567028,0.23026451468467712,0.01221127063035965,1.130773398472229e-05,0.012197427451610565,0.000839150685351342,0.006474746856838465,Bass_drum
f26131d8.wav,Bass_drum,1.409739525115583e-06,0.8177742958068848,5.1626611821120605e-05,0.00670204171910882,1.491069997427985e-05,0.00014819770876783878,4.5193743858362723e-07,0.17495377361774445,0.00012558826711028814,0.00022765854373574257,Bass_drum
ce75b5ce.wav,Bass_drum,0.0001019877745420672,0.9978430867195129,2.7897920517716557e-05,1.0145378837478347e-05,0.00022186928254086524,3.656730086731841e-06,3.15719406174253e-09,0.001765078050084412,9.648353625379968e-06,1.6692391000106e-05,Bass_drum
565f3ee2.wav,Bass_drum,0.0005841641104780138,0.9116321802139282,0.007148271426558495,0.00035296104033477604,0.017500044777989388,0.00017987401224672794,2.0299803793477622e-07,0.0624736025929451,6.427080734283663e-07,0.00012802203127648681,Bass_drum
ff11628d.wav,Bass_drum,0.00015768999583087862,0.903984546661377,0.05885808914899826,0.0007934304885566235,0.029880473390221596,0.002521691145375371,2.3390034584735986e-06,0.00045583699829876423,4.880476808466483e-06,0.0033410745672881603,Bass_drum
cdfc8967.wav,Bass_drum,0.002814485225826502,0.6032053828239441,0.29337966442108154,0.0019356884295120835,0.05579564720392227,0.007619453128427267,0.00022972239821683615,0.0038003288209438324,0.0005215317942202091,0.030698155984282494,Bass_drum
f8a99b37.wav,Bass_drum,0.0002874254423659295,0.9192228317260742,0.04495171085000038,0.00022669011377729475,0.03165658935904503,0.0011052817571908236,4.5136070525586547e-07,0.0001471332652727142,1.3694802873942535e-06,0.0024005218874663115,Bass_drum
809ea09e.wav,Bass_drum,0.00011657481081783772,0.9696606397628784,0.01591516099870205,0.00012353963393252343,0.012888705357909203,0.00047288049245253205,2.823950921992946e-07,8.736926247365773e-05,1.3606028232970857e-06,0.0007333924295380712,Bass_drum
03fc1f96.wav,Bass_drum,0.10591185092926025,0.46008071303367615,0.04594625160098076,0.001142594963312149,0.3156083822250366,0.002776871435344219,8.97533682291396e-05,0.06540868431329727,5.973307270323858e-05,0.0029751555994153023,Bass_drum
8b6a16de.wav,Bass_drum,0.0002981152501888573,0.958253800868988,0.0022678959649056196,4.2549518184387125e-06,0.03908444568514824,2.233879240520764e-05,6.506550676022016e-08,5.6860317272366956e-05,4.2777628550538793e-07,1.1886292668350507e-05,Bass_drum
7dda9dc2.wav,Bass_drum,0.06116130203008652,0.5645892024040222,0.131514310836792,0.0006302580004557967,0.09441913664340973,0.0105446120724082,0.0001477713813073933,0.002798955887556076,0.003004508325830102,0.1311899870634079,Bass_drum
3a9085ca.wav,Bass_drum,0.0009946333011612296,0.8630527257919312,0.0009810160845518112,2.2328264094539918e-05,0.0008723781211301684,3.9359252696158364e-05,1.0677667887648568e-06,0.12719544768333435,0.006460978649556637,0.0003800568520091474,Bass_drum
4ba2b70e.wav,Bass_drum,0.00039814168121665716,0.8107132315635681,1.6594114640611224e-05,1.6700068954378366e-05,4.621104380930774e-05,1.232937938766554e-05,7.406012514366012e-07,0.17954623699188232,0.008861038833856583,0.0003888277569785714,Bass_drum
01c2f88b.wav,Bass_drum,0.0005780710489489138,0.8785088062286377,0.060680847615003586,0.0008989505586214364,0.03985772654414177,0.008078490383923054,1.947435703186784e-05,0.00042360415682196617,0.00013967692211735994,0.010814376175403595,Bass_drum
ce3f3400.wav,Bass_drum,0.09038913995027542,0.8264840841293335,0.04270055145025253,0.000637045013718307,0.008060737513005733,0.001503241015598178,0.0001431006967322901,0.010639768093824387,0.001449905219487846,0.017992401495575905,Bass_drum
6a96272b.wav,Bass_drum,9.953240805771202e-06,0.8851279616355896,6.708933506160975e-05,0.00021325869602151215,0.11455143243074417,1.4245293641579337e-05,7.741846053122003e-10,1.2528066690720152e-05,1.46709595583161e-07,3.422828285692958e-06,Bass_drum
9adffd44.wav,Bass_drum,0.005847835913300514,0.9588879346847534,0.005178616847842932,1.2031980077154003e-05,0.02969951368868351,0.00010547296551521868,7.093207727848494e-07,0.00013191155449021608,4.2916126403724775e-06,0.00013165143900550902,Bass_drum
7d11b3b4.wav,Bass_drum,1.0076251783175394e-05,0.9998215436935425,3.4731805499177426e-05,5.431919817056041e-06,8.238588634412736e-05,4.671670467359945e-06,9.621666796633122e-10,3.7110581615706906e-05,1.9537306172878743e-07,3.789328275161097e-06,Bass_drum
bab98261.wav,Bass_drum,2.0279760065022856e-05,0.9997518062591553,5.9109988796990365e-05,6.126307198428549e-06,9.796974336495623e-05,6.399789526767563e-06,2.2360273632671124e-09,5.202570173423737e-05,5.067044526185782e-07,5.673467057931703e-06,Bass_drum
c11bacda.wav,Bass_drum,0.001591499662026763,0.9314873814582825,0.047036875039339066,0.0006774860084988177,0.007705944124609232,0.0015064289327710867,1.8322270989301614e-05,0.005789610091596842,0.00018855810048989952,0.003997971769422293,Bass_drum
9a4bfb69.wav,Bass_drum,0.003865230828523636,0.7013720273971558,0.11256102472543716,0.004684593994170427,0.16737230122089386,0.005663127638399601,6.458190910052508e-06,0.0008881549583747983,2.9784898288198747e-05,0.0035573679488152266,Bass_drum
18865530.wav,Flute,3.495738383207936e-06,6.99341695664657e-09,2.1082978491904214e-05,0.00011018389341188595,2.318965243830462e-06,0.983379602432251,1.5519871610081282e-08,6.204412056831643e-05,0.016394594684243202,2.6731519028544426e-05,Flute
9f6eac9c.wav,Flute,4.100100704818033e-05,7.497150136259734e-07,0.004567916505038738,0.02529311366379261,4.984016413800418e-06,0.9287298321723938,1.293427158088889e-05,0.037302736192941666,0.00304420362226665,0.0010026426753029227,Flute
07db7f16.wav,Flute,0.0002551139041315764,0.019946305081248283,0.011961154639720917,0.017161279916763306,0.002766367979347706,0.9329726696014404,0.00014058465603739023,0.0006878082640469074,0.00660303421318531,0.007505588699132204,Flute
dc6676ff.wav,Flute,4.390127514852793e-07,1.576007804260371e-07,6.737683725077659e-05,0.0017033382318913937,1.3254905297799269e-06,0.9948076009750366,3.0488585252896883e-05,0.002986828563734889,9.887980922940187e-06,0.0003925345663446933,Flute
3eaddda8.wav,Flute,0.014639710076153278,9.291570677305572e-06,0.03202120214700699,0.017167240381240845,0.00305609661154449,0.8667848110198975,6.197339098434895e-05,0.058323491364717484,2.3575183149660006e-05,0.00791255384683609,Flute
1b93aeba.wav,Flute,4.590110620483756e-05,2.4403865594990748e-08,0.00017819854838307947,3.9244394429260865e-05,4.712177542387508e-05,0.9992061853408813,2.041684012965561e-07,0.00012594011786859483,0.0003456604608800262,1.1578348676266614e-05,Flute
c683f28f.wav,Flute,0.016404373571276665,2.046294800273074e-10,1.3908094842918217e-05,0.015717092901468277,2.1371815250859072e-07,0.9666160345077515,2.3051979162330705e-12,0.0008695031283423305,2.6520499338267278e-11,0.00037907695514149964,Flute
55d52a69.wav,Flute,0.0007235485827550292,0.009235781617462635,0.023441659286618233,0.004044170491397381,0.0017592513468116522,0.8735690712928772,9.996728476835415e-05,0.07668168842792511,0.00026846735272556543,0.010176352225244045,Flute
ca8653d2.wav,Flute,1.3934321032138541e-05,1.3244051842775661e-05,0.005224795080721378,0.0019039592007175088,0.0009775457438081503,0.9538366794586182,3.006334509336739e-06,0.03624982014298439,1.4112920325715095e-06,0.0017758077010512352,Flute
6b27a847.wav,Flute,1.2810022781195585e-05,8.253424610416005e-09,0.008303124457597733,0.0019141616066917777,2.647259407240199e-06,0.9865010976791382,0.00033656065352261066,0.0005384458345361054,5.6502034567529336e-05,0.0023348727263510227,Flute
4bcc8a77.wav,Flute,0.003373781917616725,2.3557202439405955e-05,0.00035970148746855557,0.0010133947944268584,8.388851711060852e-05,0.979296088218689,4.915516527148611e-08,0.015223182737827301,1.5507421267102472e-05,0.0006108460947871208,Flute
84f5b84b.wav,Flute,8.727007661946118e-05,1.044587616405579e-08,0.0001123653564718552,0.007390868384391069,1.1225785101487418e-06,0.9922805428504944,1.2200582558130613e-11,2.345459688513074e-05,1.234530394578215e-10,0.00010443136852700263,Flute
5d73ee6f.wav,Flute,0.0017478971276432276,0.008584954775869846,0.0234309583902359,0.03721154108643532,0.005006369203329086,0.8036150932312012,0.00013096969632897526,0.09845981746912003,0.010260657407343388,0.011551874689757824,Flute
5d040c3b.wav,Flute,0.0006367096793837845,4.6383129870264383e-07,0.001677313121035695,0.006364899687469006,0.0006288973381742835,0.9863478541374207,3.7923476270407264e-07,0.0038986834697425365,5.450364187709056e-05,0.0003902906901203096,Flute
6a037ddf.wav,Flute,0.00037482267362065613,0.01990625634789467,0.024014238268136978,0.0177343487739563,0.002604127861559391,0.8832880854606628,5.39905704499688e-05,0.0285576730966568,3.276805000496097e-05,0.023433631286025047,Flute
35e97db3.wav,Flute,3.2518340797871303e-10,1.418894731778746e-20,4.759107923746342e-06,5.7540423767932225e-06,7.760861181135836e-13,0.9999895691871643,5.582215245603095e-10,9.746332907401012e-11,4.9286827027148535e-15,1.4226352318402746e-09,Flute
d14f5df1.wav,Flute,0.002879817271605134,3.0367253202712163e-05,0.015873387455940247,0.011043955571949482,8.690945105627179e-05,0.8798548579216003,6.010587094351649e-05,0.08874210715293884,0.00042148944339714944,0.0010071143042296171,Flute
9f522cda.wav,Flute,4.452907160157338e-05,8.982258825618317e-10,0.00037971389247104526,0.003691983176395297,4.6438236722678994e-07,0.9545633792877197,2.0763700376846828e-06,0.03746138513088226,5.0729905609614434e-08,0.0038563827984035015,Flute
fe76c972.wav,Flute,0.004758937284350395,1.5912946764728986e-06,0.011035525240004063,0.017742210999131203,4.9085674618254416e-06,0.9500809907913208,1.206208025905653e-06,0.01609613560140133,1.5235258388202055e-08,0.0002783829695545137,Flute
562d93f5.wav,Flute,0.0033743944950401783,0.000693925132509321,0.008095983415842056,0.0393642857670784,0.00041656827670522034,0.9001606106758118,7.290490611921996e-05,0.03455748036503792,0.010896066203713417,0.0023677826393395662,Flute
fa32109e.wav,Flute,2.3459688236471266e-05,0.000218371074879542,0.012957747094333172,0.020065095275640488,2.7478023184812628e-05,0.9153979420661926,2.092299473588355e-05,0.05023031681776047,1.451411753805587e-05,0.0010442177299410105,Flute
b4b2b68d.wav,Flute,0.02107497863471508,1.933800012920983e-05,0.10175854712724686,0.03203076869249344,0.00848432071506977,0.7717053890228271,4.404174615046941e-05,0.048784710466861725,0.012233630754053593,0.003864181926473975,Flute
af227d6f.wav,Flute,0.0008035881328396499,1.4877461751439114e-07,0.025749679654836655,0.026868674904108047,0.00018119491869583726,0.9034122228622437,2.0801333448616788e-05,0.032696984708309174,0.0012371526099741459,0.009029298089444637,Flute
85d6a7d2.wav,Flute,0.011943862773478031,9.428022451629658e-08,0.006847343407571316,0.029079655185341835,0.0001570747554069385,0.929239809513092,2.3733758780508651e-07,0.015463550575077534,1.8168948372476734e-06,0.007266720291227102,Flute
3707da71.wav,Flute,0.014112168923020363,1.4340535017254297e-05,0.009869889356195927,0.02945970557630062,0.000995103851892054,0.8912416100502014,8.297344174934551e-05,0.039134588092565536,0.01039410475641489,0.00469554727897048,Flute
61c914b1.wav,Flute,2.3230560941556178e-07,1.671035532169185e-09,0.00015403486031573266,0.08590418845415115,1.1842749927382101e-06,0.9139129519462585,5.783520919067087e-06,1.5238083506119438e-05,8.42264071820864e-08,6.041152573743602e-06,Flute
f5e20dce.wav,Flute,0.03564487770199776,0.00040110998088493943,0.14662007987499237,0.019398044794797897,0.0004169538733549416,0.7531591057777405,3.1488132663071156e-05,0.03436848893761635,0.000736836576834321,0.009222914464771748,Flute
b0d9849d.wav,Flute,0.0005950648919679224,0.007382177747786045,0.013441411778330803,0.044735297560691833,0.0011106038000434637,0.8893676400184631,5.2899591537425295e-05,0.030506987124681473,0.004166994709521532,0.0086411377415061,Flute
6ef82473.wav,Flute,0.00835262332111597,3.0973475077189505e-05,0.01332551147788763,0.012685192748904228,0.0192042775452137,0.8540399670600891,2.142373523383867e-05,0.08516141027212143,3.260557059547864e-05,0.007145863492041826,Flute
8986cced.wav,Flute,5.292444257065654e-05,7.097281013557222e-06,0.0010166126303374767,0.0005763558438047767,0.0002436636423226446,0.9965627789497375,4.949713002133649e-06,0.0007114851614460349,0.00024736704654060304,0.0005767818656750023,Flute
a64a3740.wav,Clarinet,1.9748800696106628e-05,9.302673677351832e-17,2.8778918021998834e-06,0.9762054681777954,1.7326751144963737e-10,0.023500096052885056,1.9038421950057227e-09,9.981808943848591e-07,1.406311980645114e-06,0.0002694673603400588,Clarinet
ad7ec8cb.wav,Clarinet,2.1436899564492018e-12,8.877007650825871e-20,1.6210018882745203e-09,0.9989224672317505,1.0111574392460826e-13,0.00034571424475871027,4.301188745448048e-12,1.01199611890479e-06,4.288343006919604e-06,0.0007265748572535813,Clarinet
8ee44fb5.wav,Clarinet,5.644958218908869e-05,2.3855982039653516e-15,2.8489800740771898e-08,0.999372124671936,7.680811222599004e-07,0.00012268386490177363,7.202731189259737e-10,0.0004093155439477414,1.6103296729852445e-05,2.2577884010388516e-05,Clarinet
7eb959ec.wav,Clarinet,0.014310859143733978,4.1483745008008555e-06,0.001060270587913692,0.9306923747062683,2.9097926017129794e-05,0.002619941486045718,0.00030468456679955125,0.04112455993890762,0.00041607837192714214,0.009438056498765945,Clarinet
e51e1770.wav,Clarinet,5.552865900426696e-07,3.325174358081995e-09,6.400122856575763e-06,0.9900380969047546,3.878532197632012e-07,0.00969323143362999,7.688497134950012e-06,0.00021261996880639344,1.185549444926437e-05,2.927184868894983e-05,Clarinet
3f7e6da8.wav,Clarinet,0.016926229000091553,3.4904867884932855e-10,0.0002731331915128976,0.9796434640884399,1.9338858692208305e-06,4.824376810574904e-05,2.331501264052349e-06,2.2420001187128946e-05,0.003071319544687867,1.095745938073378e-05,Clarinet
3cbe9902.wav,Clarinet,0.002667024964466691,0.00615270622074604,0.04007754847407341,0.8982000946998596,0.005664356052875519,0.020913301035761833,9.158346801996231e-05,0.00350895244628191,0.0001868959079729393,0.022537579759955406,Clarinet
9a722e53.wav,Clarinet,0.0006760580581612885,2.9049884275877957e-08,7.205565452750307e-06,0.9928445219993591,8.081111673163832e-07,4.123321195947938e-05,3.130492487457559e-08,0.00641926983371377,4.6149616537149996e-06,6.103836312831845e-06,Clarinet
19105b8a.wav,Clarinet,0.004149749409407377,3.615088644437492e-05,0.0023265609052032232,0.9252575039863586,0.0003548140812199563,0.03668073192238808,0.0007606566068716347,0.010420669801533222,0.002432408044114709,0.017580775544047356,Clarinet
1f81cc2b.wav,Clarinet,0.0004406307125464082,9.148035218231598e-08,0.0006191735155880451,0.9320460557937622,1.645366683078464e-05,0.01949997805058956,5.673153964380617e-07,0.043977126479148865,0.0002445350110065192,0.0031556531321257353,Clarinet
44c5094c.wav,Clarinet,5.2116625738563016e-05,3.3626611694800856e-13,0.004059742204844952,0.8767110705375671,1.4214616150809434e-08,0.015336435288190842,1.3265864969025376e-11,0.10338733345270157,6.361790649833665e-09,0.0004533204191830009,Clarinet
5506629f.wav,Clarinet,7.229370385175571e-05,0.005992514081299305,0.004012518096715212,0.9727752208709717,9.99429466901347e-05,0.009207050316035748,2.2120877474662848e-05,0.00467358622699976,0.00023192656226456165,0.0029127972666174173,Clarinet
ddf23920.wav,Clarinet,6.977455502266139e-09,1.632880378573819e-20,1.5779144746375096e-07,0.9906021356582642,1.00223940258104e-10,0.009396739304065704,1.6690375304051486e-08,7.665978500881465e-07,5.0084892830315475e-12,2.441427398025553e-07,Clarinet
2e1cd085.wav,Clarinet,2.2715457816957496e-05,1.3703966555434401e-17,3.692733343996224e-06,0.9720453023910522,4.4088918713797165e-14,0.0073623512871563435,2.371485576272911e-15,0.02023494429886341,0.0003305771679151803,3.9153340480879706e-07,Clarinet
dc981a38.wav,Clarinet,0.00026950574829243124,3.318606900393206e-08,0.00923353061079979,0.8461556434631348,0.0035686190240085125,0.11546196043491364,2.5975863536586985e-05,0.022966833785176277,1.185012843052391e-05,0.0023062415421009064,Clarinet
a053797b.wav,Clarinet,0.00010947603732347488,1.658347396037152e-12,1.0644282610883238e-06,0.9996694922447205,1.1412424782974995e-06,2.5403325707884505e-05,1.6588001805484254e-11,0.00018427737813908607,7.4802624112635385e-06,1.572114911141398e-06,Clarinet
f2310f0d.wav,Clarinet,0.0008981138234958053,0.003702441928908229,0.01081971637904644,0.9439665079116821,0.000740129966288805,0.013621976599097252,0.00011541042476892471,0.005052323453128338,0.0004902598448097706,0.020593294873833656,Clarinet
ce65d6b5.wav,Clarinet,3.4864828194258735e-05,3.525916838498233e-07,5.543072984437458e-05,0.7531543970108032,0.0006529242964461446,0.002854090416803956,1.7160026288820518e-08,0.22906367480754852,0.013285662978887558,0.0008987269247882068,Clarinet
45de3233.wav,Clarinet,0.0023522861301898956,0.015187934041023254,0.03197113797068596,0.8995620012283325,0.004643120802938938,0.011258410289883614,0.0008341135689988732,0.016097720712423325,0.00026885443367064,0.01782437600195408,Clarinet
8916ffcd.wav,Clarinet,5.189015610085335e-06,3.888706237987864e-14,2.6596467250783462e-08,0.9979683756828308,6.290542309272951e-09,0.001988164149224758,8.529089842159929e-15,3.7691363104386255e-05,2.7514248657212192e-09,4.851672770200821e-07,Clarinet
e43f7db2.wav,Clarinet,3.285127377239405e-06,3.2690560328174634e-13,0.014298333786427975,0.9780501127243042,7.855756323227325e-11,0.005028854589909315,4.0473836305024435e-14,0.002542918547987938,4.06909930461552e-06,7.221417763503268e-05,Clarinet
3c66098d.wav,Clarinet,1.997153731281287e-07,1.1795853880055087e-15,0.0005713786813430488,0.9676183462142944,2.029315453455638e-07,0.031800366938114166,2.8308952404465515e-10,9.258160389435943e-06,1.7729772511243524e-11,2.121717841419013e-07,Clarinet
ad42e493.wav,Clarinet,2.8557635687320726e-06,2.0049792381904297e-10,3.935389031539671e-06,0.9978967308998108,7.198193543445086e-07,9.624173253541812e-05,4.1572513964638347e-07,0.0011230732779949903,1.7129334082710557e-05,0.0008590096258558333,Clarinet
740e5bb7.wav,Clarinet,0.0009636313770897686,0.023216834291815758,0.061343368142843246,0.839191198348999,0.00808764062821865,0.015610937029123306,0.00010255701636197045,0.04300447925925255,0.00021053511591162533,0.008268553763628006,Clarinet
800b401e.wav,Clarinet,0.014473358169198036,0.0024324560072273016,0.0163683220744133,0.9202783703804016,0.002982790581882,0.004303626250475645,0.00010458546603331342,0.034533463418483734,0.003546094289049506,0.0009769168682396412,Clarinet
3c713bcf.wav,Clarinet,1.1788419129743488e-07,1.2461511005312786e-06,0.008026382885873318,0.9907040596008301,3.856811872537946e-06,2.236553427792387e-06,3.5186099012207706e-07,0.0012586471857503057,1.2029496474497137e-06,2.1465900772454916e-06,Clarinet
2fc00271.wav,Clarinet,0.0006473096436820924,1.1020860029020696e-06,0.0008885122369974852,0.9774965047836304,0.00032858169288374484,0.0017391755245625973,0.00022309456835500896,0.007820400409400463,5.732570934924297e-05,0.01079809945076704,Clarinet
b0c06255.wav,Clarinet,0.0004977664211764932,9.58016332930356e-10,0.0020803753286600113,0.9568670392036438,2.995501745317597e-06,0.017604609951376915,2.4712844037821924e-07,0.02146078646183014,0.00013467080134432763,0.0013516003964468837,Clarinet
71c6451f.wav,Clarinet,8.556844113627449e-05,1.2922729553110912e-09,0.002990221604704857,0.9132905602455139,1.999829208898518e-07,0.0762445479631424,1.9762474323670176e-08,0.007375326007604599,3.835199549939716e-06,9.642883924243506e-06,Clarinet
5de123c3.wav,Clarinet,0.0004231244674883783,2.126684414780356e-14,1.1938286661461461e-05,0.9627842307090759,3.375161816698835e-10,0.0046501727774739265,5.763219762533467e-11,0.03205372393131256,4.132763820052787e-07,7.653431384824216e-05,Clarinet
